<?xml version='1.0' encoding='UTF-8' standalone='yes' ?>
<PROJECT IID="1" BUILDPATH="" VERSION="828" TYPE="SOURCE" NAME="PIC18F4550" CONFIGURATION="Debug">
 <FILES ATTACH="1">
  <FILE ATTACH="1" GROUP="Source Files" NAME="PIC18F4550/main.asm"/>
  <FILE ATTACH="1" GROUP="Firmware Files" NAME="PIC18F4550/Debug/Debug.cof" FIRMWARE="1"/>
 </FILES>
 <CONFIGURATION CRC="e26d532ed804e8241fe9faf4b31a581c" TARGET="Debug" COMPILER="MPASM (Proteus)" NAME="Debug">
  <CONTROLLER FAMILY="PIC18" TYPE="PIC18F4550"/>
  <FILE TOOL="LD">
   <OPTION DEFAULT="1" TOOL="LD" ID="OUTFILE" NAME="/o " VALUE="&quot;%OUTFILE_DIR%/%OUTFILE_NAME%.cof&quot;"/>
   <OPTION DEFAULT="1" TOOL="LD" ID="LKR" NAME="" VALUE="18f4550_g.lkr"/>
   <FILE TOOL="ASM">
    <FILE NAME="PIC18F4550/main.asm"/>
   </FILE>
  </FILE>
  <OPTION DEFAULT="1" TOOL="LD" NAME="/x"/>
  <OPTION DEFAULT="1" TOOL="LD" NAME="/p" VALUE="18f4550"/>
  <OPTION DEFAULT="1" TOOL="ASM" NAME="/q" VALUE="+"/>
  <OPTION DEFAULT="1" TOOL="ASM" NAME="/p" VALUE="18f4550"/>
 </CONFIGURATION>
 <CONFIGURATION CRC="e26d532ed804e8241fe9faf4b31a581c" TARGET="Release" COMPILER="MPASM (Proteus)" NAME="Release">
  <CONTROLLER FAMILY="PIC18" TYPE="PIC18F4550"/>
  <FILE TOOL="LD">
   <OPTION DEFAULT="1" TOOL="LD" ID="OUTFILE" NAME="/o " VALUE="&quot;%OUTFILE_DIR%/%OUTFILE_NAME%.cof&quot;"/>
   <OPTION DEFAULT="1" TOOL="LD" ID="LKR" NAME="" VALUE="18f4550_g.lkr"/>
   <FILE TOOL="ASM">
    <FILE NAME="PIC18F4550/main.asm"/>
   </FILE>
  </FILE>
  <OPTION DEFAULT="1" TOOL="LD" NAME="/p" VALUE="18f4550"/>
  <OPTION DEFAULT="1" TOOL="ASM" NAME="/q" VALUE="+"/>
  <OPTION DEFAULT="1" TOOL="ASM" NAME="/p" VALUE="18f4550"/>
 </CONFIGURATION>
</PROJECT>
